gene	rsid	pvalue	position	beta.exposure	se	samplesize.exposure	maf	beta_outcome_aligned	sebeta	eaf_outcome_aligned	effect_allele	other_allele	outcome_ref	outcome_alt	outcome_pval	frequency_note	lead_rsid	r2	F_statistic	strong_instrument
HMOX1	rs133415	0.00000000000000000000000000000000000000000000000000000000000000000000000000000000000000000000000000000000000000000000000000000000000000000000000000000000000000000000000000000000000000000000000000000001	35410245	-0.174544889317425	0.00561806618656919	31683	0.186351	-0.0300754	0.0289468	0.186351	T	G	G	T	0.29881	FinnGen EUR effect-allele frequency used as proxy for exposure MAF	rs133415	1	965.251692250001	TRUE
NLRP3	rs10754559	0.00000000000000000000000000000000000000000000000000000000000000000000000000000000000000000000000000000000000000000000000000000000000000000000000000000000000000000000000000000000000000000000000000000001	247450019	0.176810753799228	0.00568861714522233	30902	0.433637	0.00324696	0.0228748	0.433637	T	C	T	C	0.887124	FinnGen EUR effect-allele frequency used as proxy for exposure MAF	rs10754559	1	966.059642250002	TRUE
STAT3	rs1053004	0.00000000000000000000000000000000000000000000000000000000000000010861	42314074	-0.0968426740315189	0.00570219591080225	30755	0.395741	0.0425632	0.0231634	0.395741	G	A	G	A	0.0661333	FinnGen EUR effect-allele frequency used as proxy for exposure MAF	rs1053004	1	288.43587556	TRUE
TLR4	rs10491851	0.00000000000000000000000000000000000000000000000000000000000000000000000000000000000000000000000000000000000000000000000000000000000000000000000000000000000000000000000000000000000000000000000000000001	117682247	-0.405047091542568	0.005629360044565	31556	0.230906	0.00600183	0.026865	0.230906	A	C	C	A	0.823219	FinnGen EUR effect-allele frequency used as proxy for exposure MAF	rs10491851	1	5177.17664676001	TRUE
