method	nsnp	beta	se	pval	gene	OR	OR_low	OR_high	p_FDR
Wald ratio	1	0.172307537147681	0.165841578709061	0.298809961161598	HMOX1	1.1880431444376	0.858351184646665	1.64436950550281	0.597619922323196
Wald ratio	1	0.0183640413845358	0.129374483782671	0.8871235696694	NLRP3	1.01853369732419	0.790404889207404	1.31250566228806	0.8871235696694
Wald ratio	1	-0.439508723046486	0.239185877833786	0.0661332352861868	STAT3	0.644352899066847	0.403203837927572	1.02972893479856	0.264532941144747
Wald ratio	1	-0.0148176104095522	0.0663256212942752	0.823218729411982	TLR4	0.985291630152617	0.865181620541292	1.12207607443329	0.8871235696694
