nsnp	PP.H0	PP.H1	PP.H2	PP.H3	PP.H4	top_shared_snp	top_shared_position_hg38	p12	note	gene	shared_given_associated
1877	0.805108343250759	0.113048376046949	0.0667875259713314	0.00937221126354346	0.00568354346741728	rs543187749	248256667	0.00001	Approximate-Bayes-factor colocalisation	NLRP3	0.377499738072221
3115	0.00000000000000000000000000000000000000000000092189650478885	0.85203879218491	0.000000000000000000000000000000000000000000000147664371364449	0.136463444893387	0.0114977629217068	rs11789302	117697248	0.00001	Approximate-Bayes-factor colocalisation	TLR4	0.0777079552910615
0	NA	NA	NA	NA	NA	NA	NA	0.00001	Insufficient matched variants (<50)	STAT3	NA
0	NA	NA	NA	NA	NA	NA	NA	0.00001	Insufficient matched variants (<50)	HMOX1	NA
